[
{
  "model": "movies.category",
  "pk": 1,
  "fields": {
    "name": "Trending Now"
  }
},
{
  "model": "movies.category",
  "pk": 2,
  "fields": {
    "name": "Top Rated"
  }
},
{
  "model": "movies.category",
  "pk": 3,
  "fields": {
    "name": "Action"
  }
},
{
  "model": "movies.category",
  "pk": 4,
  "fields": {
    "name": "Comedy"
  }
},
{
  "model": "movies.movie",
  "pk": 1,
  "fields": {
    "tmdb_id": 1339713,
    "title": "Obsession",
    "overview": "After breaking the mysterious \"One Wish Willow\" to win his crush's heart, a hopeless romantic finds himself getting exactly what he asked for but soon discovers that some desires come at a dark, sinister price.",
    "poster_url": "https://image.tmdb.org/t/p/w500/bRwnj8WEKBCvmfeUNOukJPwB43K.jpg",
    "backdrop_url": "https://image.tmdb.org/t/p/original/r013C8Me2bZ0pUi0OWJRh0h7MzT.jpg",
    "release_year": "2026",
    "rating": 8.128,
    "youtube_key": "",
    "categories": [
      1
    ]
  }
},
{
  "model": "movies.movie",
  "pk": 2,
  "fields": {
    "tmdb_id": 1202033,
    "title": "Enola Holmes 3",
    "overview": "Adventure follows detective Enola Holmes to Malta, where her plans to tie the knot unravel when Sherlock's disappearance plunges her into a perilous case.",
    "poster_url": "https://image.tmdb.org/t/p/w500/7kRYHH9H9PjBFwz1FprbHB2AAjI.jpg",
    "backdrop_url": "https://image.tmdb.org/t/p/original/jLuGZc84MvPYCQomQg9DI72mstt.jpg",
    "release_year": "2026",
    "rating": 7.643,
    "youtube_key": "",
    "categories": [
      1
    ]
  }
},
{
  "model": "movies.movie",
  "pk": 3,
  "fields": {
    "tmdb_id": 1081003,
    "title": "Supergirl",
    "overview": "When an unexpected and ruthless adversary strikes too close to home, Kara Zor-El, aka Supergirl, reluctantly joins forces with an unlikely companion on an epic, interstellar journey of vengeance and justice.",
    "poster_url": "https://image.tmdb.org/t/p/w500/niSvU02l2BONH9ivubV6K1a5QiK.jpg",
    "backdrop_url": "https://image.tmdb.org/t/p/original/54KIfdTEzOliHDKx0OkzYGqAICx.jpg",
    "release_year": "2026",
    "rating": 6.216,
    "youtube_key": "",
    "categories": [
      3,
      1
    ]
  }
},
{
  "model": "movies.movie",
  "pk": 4,
  "fields": {
    "tmdb_id": 1315772,
    "title": "Minions & Monsters",
    "overview": "This is the rambunctious, ridiculous and totally true story of how the Minions conquered Hollywood, became movie stars, lost everything, unleashed monsters onto the world and then banded together to try and save the planet from the mayhem they had just created.",
    "poster_url": "https://image.tmdb.org/t/p/w500/nz7i42yhLIJ4ve9JKgM6NthoLHO.jpg",
    "backdrop_url": "https://image.tmdb.org/t/p/original/pclNFoWcWDeoaQ2pwrXPPw1mjs7.jpg",
    "release_year": "2026",
    "rating": 6.7,
    "youtube_key": "",
    "categories": [
      4,
      1
    ]
  }
},
{
  "model": "movies.movie",
  "pk": 5,
  "fields": {
    "tmdb_id": 1301421,
    "title": "The Sheep Detectives",
    "overview": "George Hardy is a shepherd who reads detective novels to his beloved sheep every night, assuming they can't possibly understand. But when a mysterious incident disrupts life on the farm, the sheep realize they must become the detectives. As they follow the clues and investigate human suspects, they prove that even sheep can be brilliant crime-solvers.",
    "poster_url": "https://image.tmdb.org/t/p/w500/iKy5460GdsoknM8ppmGlJbKxAKa.jpg",
    "backdrop_url": "https://image.tmdb.org/t/p/original/t6O6XWelu27BD0OmIDCCufZZT6d.jpg",
    "release_year": "2026",
    "rating": 7.7,
    "youtube_key": "",
    "categories": [
      4,
      1
    ]
  }
},
{
  "model": "movies.movie",
  "pk": 6,
  "fields": {
    "tmdb_id": 1314481,
    "title": "The Devil Wears Prada 2",
    "overview": "Andy Sachs returns to Runway as Miranda Priestly navigates a new media landscape and Runway's position within. The duo reconnect with former assistant Emily Charlton, now the head of a luxury brand that possesses funding which could ensure Runway's survival.",
    "poster_url": "https://image.tmdb.org/t/p/w500/fCAURTUx3YfsJ8k9I0UamjSILiR.jpg",
    "backdrop_url": "https://image.tmdb.org/t/p/original/Af907x5h9W1wVis8XrSd7ynTWuy.jpg",
    "release_year": "2026",
    "rating": 6.77,
    "youtube_key": "",
    "categories": [
      4,
      1
    ]
  }
},
{
  "model": "movies.movie",
  "pk": 7,
  "fields": {
    "tmdb_id": 1083381,
    "title": "Backrooms",
    "overview": "A strange doorway appears in the basement of a furniture showroom.",
    "poster_url": "https://image.tmdb.org/t/p/w500/rhGx6E3qRNMgj3i5su2oukNHwIQ.jpg",
    "backdrop_url": "https://image.tmdb.org/t/p/original/mCpwRayjXMFzKHbjbzc5JRKfq1O.jpg",
    "release_year": "2026",
    "rating": 6.842,
    "youtube_key": "",
    "categories": [
      1
    ]
  }
},
{
  "model": "movies.movie",
  "pk": 8,
  "fields": {
    "tmdb_id": 1413976,
    "title": "Citizen Vigilante",
    "overview": "A man takes justice into his own hands, hunting down criminals. His vigilante crusade makes him a social media star but puts him at odds with the local police chief.",
    "poster_url": "https://image.tmdb.org/t/p/w500/6LmJD3Wohe0g4U62wgi7RyJqfE4.jpg",
    "backdrop_url": "https://image.tmdb.org/t/p/original/qJ2KSHJhlFvASBMLbGuP7OFMaFg.jpg",
    "release_year": "2026",
    "rating": 6.723,
    "youtube_key": "",
    "categories": [
      3,
      1
    ]
  }
},
{
  "model": "movies.movie",
  "pk": 9,
  "fields": {
    "tmdb_id": 1084244,
    "title": "Toy Story 5",
    "overview": "When Bonnie receives a Lilypad tablet as a gift and becomes obsessed, Buzz, Woody, Jessie and the rest of the gang's jobs become exponentially harder when they have to go head to head with the all-new threat to playtime.",
    "poster_url": "https://image.tmdb.org/t/p/w500/sfQtVlIHljToOwYjhe21KPGzZWK.jpg",
    "backdrop_url": "https://image.tmdb.org/t/p/original/4D1pdB27uph7J8HQzNf8QvvH9bn.jpg",
    "release_year": "2026",
    "rating": 7.433,
    "youtube_key": "",
    "categories": [
      4,
      1
    ]
  }
},
{
  "model": "movies.movie",
  "pk": 10,
  "fields": {
    "tmdb_id": 969681,
    "title": "Spider-Man: Brand New Day",
    "overview": "Fighting crime full-time as Spider-Man in a world that doesn't remember him—and the pressure of seeing his old friends move on without him—sparks a change in Peter Parker he may not have the power to control. But that transformation might also be the only thing that can stop a shocking new threat to the city and those he loves - a powerful villain no one can even see.",
    "poster_url": "https://image.tmdb.org/t/p/w500/yyB2VJEW3an2xCdcYCPQhn9QERR.jpg",
    "backdrop_url": "https://image.tmdb.org/t/p/original/vjMvFSmGUxEtqVdaZgvFee9XkZl.jpg",
    "release_year": "2026",
    "rating": 0.0,
    "youtube_key": "",
    "categories": [
      3,
      1
    ]
  }
},
{
  "model": "movies.movie",
  "pk": 11,
  "fields": {
    "tmdb_id": 1340206,
    "title": "Tuner",
    "overview": "A gifted piano tuner's meticulous skills for tuning pianos lead him to discover an unexpected aptitude for cracking safes, turning his life upside down.",
    "poster_url": "https://image.tmdb.org/t/p/w500/5OvA3i9wZs5jHu0DCrfmXlzAM67.jpg",
    "backdrop_url": "https://image.tmdb.org/t/p/original/sT5Inhc0aaReSZoufWgfJTQUbKp.jpg",
    "release_year": "2026",
    "rating": 7.2,
    "youtube_key": "",
    "categories": [
      1
    ]
  }
},
{
  "model": "movies.movie",
  "pk": 12,
  "fields": {
    "tmdb_id": 1108427,
    "title": "Moana",
    "overview": "Moana answers the Ocean's call and, for the first time, voyages beyond the reef of her island of Motunui with the infamous demigod Maui on an unforgettable journey to restore prosperity to her people.",
    "poster_url": "https://image.tmdb.org/t/p/w500/zKVgiv5qHCvCLT4A2ymJi5QeXDH.jpg",
    "backdrop_url": "https://image.tmdb.org/t/p/original/c6BPbkO5Npt1OdwttAxCFo06wtH.jpg",
    "release_year": "2026",
    "rating": 0.0,
    "youtube_key": "",
    "categories": [
      1
    ]
  }
},
{
  "model": "movies.movie",
  "pk": 13,
  "fields": {
    "tmdb_id": 1397385,
    "title": "Little Brother",
    "overview": "A tightly wound realtor's picture-perfect life gets an extreme makeover when his lovably chaotic \"little brother\" suddenly reappears.",
    "poster_url": "https://image.tmdb.org/t/p/w500/hIJpXb7Xaje2mebN9ylsS7blQzP.jpg",
    "backdrop_url": "https://image.tmdb.org/t/p/original/bdwv8Hsu4Bnz8aRbH5MQ9clQ0DG.jpg",
    "release_year": "2026",
    "rating": 6.2,
    "youtube_key": "",
    "categories": [
      4,
      1
    ]
  }
},
{
  "model": "movies.movie",
  "pk": 14,
  "fields": {
    "tmdb_id": 1368337,
    "title": "The Odyssey",
    "overview": "Odysseus, the legendary King of Ithaca, embarks on a long and perilous journey home following the Trojan War. Throughout his voyage, he is forced to confront the whims of gods, mythological monsters, and trials that stretch both his cunning and his humanity to the breaking point.",
    "poster_url": "https://image.tmdb.org/t/p/w500/krVa7rKCQb4OBfsr2LTJv4rTz5q.jpg",
    "backdrop_url": "https://image.tmdb.org/t/p/original/kGCOfQpITTI0rKzrVMRGOFteszf.jpg",
    "release_year": "2026",
    "rating": 0.0,
    "youtube_key": "",
    "categories": [
      1
    ]
  }
},
{
  "model": "movies.movie",
  "pk": 15,
  "fields": {
    "tmdb_id": 1273221,
    "title": "Scary Movie",
    "overview": "Twenty-six years after outrunning a suspiciously familiar masked killer, the Core Four are back in the killer's crosshairs and no horror movie IP is safe.",
    "poster_url": "https://image.tmdb.org/t/p/w500/reZ8NInXjMkkaOpUHcI3Pn7iaRN.jpg",
    "backdrop_url": "https://image.tmdb.org/t/p/original/xWBiXclrRmTggQHMRsIn84YHavs.jpg",
    "release_year": "2026",
    "rating": 5.439,
    "youtube_key": "",
    "categories": [
      4,
      1
    ]
  }
},
{
  "model": "movies.movie",
  "pk": 16,
  "fields": {
    "tmdb_id": 936075,
    "title": "Michael",
    "overview": "The story of Michael Jackson, one of the most influential artists the world has ever known, and his life beyond the music. His journey from the discovery of his extraordinary talent as the lead of the Jackson Five, to the visionary artist whose creative ambition fueled a relentless pursuit to become the biggest entertainer in the world, highlighting both his life off-stage and some of the most iconic performances from his early solo career.",
    "poster_url": "https://image.tmdb.org/t/p/w500/zm0KAbOjlt9eR5y7vDiL2dEOwMl.jpg",
    "backdrop_url": "https://image.tmdb.org/t/p/original/ufSwlnECLoUbBjPrFqEQcWBzHwc.jpg",
    "release_year": "2026",
    "rating": 8.706,
    "youtube_key": "",
    "categories": [
      2,
      1
    ]
  }
},
{
  "model": "movies.movie",
  "pk": 17,
  "fields": {
    "tmdb_id": 454639,
    "title": "Masters of the Universe",
    "overview": "After being separated for 15 years, the Sword of Power leads Prince Adam back to Eternia, where he discovers his home shattered under the fiendish rule of Skeletor. To save his family and his world, Adam must join forces with his closest allies, Teela and Duncan/Man-At-Arms, and embrace his true destiny as He-Man — the most powerful man in the universe.",
    "poster_url": "https://image.tmdb.org/t/p/w500/3YMd9Ogae4rDKLWuAZFuse9xhc5.jpg",
    "backdrop_url": "https://image.tmdb.org/t/p/original/piV2OnzTZCyGBP9JCjlHIgKGlfo.jpg",
    "release_year": "2026",
    "rating": 7.042,
    "youtube_key": "",
    "categories": [
      3,
      1
    ]
  }
},
{
  "model": "movies.movie",
  "pk": 18,
  "fields": {
    "tmdb_id": 1275779,
    "title": "Disclosure Day",
    "overview": "A cybersecurity expert becomes a whistleblower after uncovering secrets about aliens, putting him on the run from a corporation. Meanwhile, a meteorologist experiencing strange phenomena joins forces with him to prove there's life beyond our understanding.",
    "poster_url": "https://image.tmdb.org/t/p/w500/AnJ8IQJI23hNpYXVNaythu061Ru.jpg",
    "backdrop_url": "https://image.tmdb.org/t/p/original/s6ly8laenkHWlIBRkLSfIuEMLC6.jpg",
    "release_year": "2026",
    "rating": 6.7,
    "youtube_key": "",
    "categories": [
      1
    ]
  }
},
{
  "model": "movies.movie",
  "pk": 19,
  "fields": {
    "tmdb_id": 687163,
    "title": "Project Hail Mary",
    "overview": "Science teacher Ryland Grace wakes up on a spaceship light years from home with no recollection of who he is or how he got there. As his memory returns, he begins to uncover his mission: solve the riddle of the mysterious substance causing the sun to die out. He must call on his scientific knowledge and unorthodox ideas to save everything on Earth from extinction.",
    "poster_url": "https://image.tmdb.org/t/p/w500/yihdXomYb5kTeSivtFndMy5iDmf.jpg",
    "backdrop_url": "https://image.tmdb.org/t/p/original/8Tfys3mDZVp4tNoH2ktm06a0Tau.jpg",
    "release_year": "2026",
    "rating": 8.7,
    "youtube_key": "",
    "categories": [
      2,
      1
    ]
  }
},
{
  "model": "movies.movie",
  "pk": 20,
  "fields": {
    "tmdb_id": 1212763,
    "title": "Evil Dead Burn",
    "overview": "After the loss of her husband, a woman seeks solace with her in-laws. As one by one they transform into deadites, she comes to discover that the vows she took in life - survive even in death.",
    "poster_url": "https://image.tmdb.org/t/p/w500/ztadKzIIR0ERYqpHteaPFtk7inP.jpg",
    "backdrop_url": "https://image.tmdb.org/t/p/original/A5Tz6ogGt4VV8NESG9oWVct5bo1.jpg",
    "release_year": "2026",
    "rating": 0.0,
    "youtube_key": "",
    "categories": [
      1
    ]
  }
},
{
  "model": "movies.movie",
  "pk": 21,
  "fields": {
    "tmdb_id": 1007757,
    "title": "Swapped",
    "overview": "A small woodland creature and a majestic bird, two natural sworn enemies of the Valley, magically trade places and set off on an adventure of a lifetime to switch back. Their journey soon uncovers a greater threat—one that could endanger not only their species, but the entire valley they call home.",
    "poster_url": "https://image.tmdb.org/t/p/w500/tHhxWxge06goXU6ZQH1hj7vK8Hd.jpg",
    "backdrop_url": "https://image.tmdb.org/t/p/original/zMwhWailP1WY7sb6AoE6b8ugoy.jpg",
    "release_year": "2026",
    "rating": 8.955,
    "youtube_key": "",
    "categories": [
      2
    ]
  }
},
{
  "model": "movies.movie",
  "pk": 22,
  "fields": {
    "tmdb_id": 278,
    "title": "The Shawshank Redemption",
    "overview": "Imprisoned in the 1940s for the double murder of his wife and her lover, upstanding banker Andy Dufresne begins a new life at the Shawshank prison, where he puts his accounting skills to work for an amoral warden. During his long stretch in prison, Dufresne comes to be admired by the other inmates -- including an older prisoner named Red -- for his integrity and unquenchable sense of hope.",
    "poster_url": "https://image.tmdb.org/t/p/w500/9cqNxx0GxF0bflZmeSMuL5tnGzr.jpg",
    "backdrop_url": "https://image.tmdb.org/t/p/original/zfbjgQE1uSd9wiPTX4VzsLi0rGG.jpg",
    "release_year": "1994",
    "rating": 8.723,
    "youtube_key": "",
    "categories": [
      2
    ]
  }
},
{
  "model": "movies.movie",
  "pk": 23,
  "fields": {
    "tmdb_id": 238,
    "title": "The Godfather",
    "overview": "Spanning the years 1945 to 1955, a chronicle of the fictional Italian-American Corleone crime family. When organized crime family patriarch, Vito Corleone barely survives an attempt on his life, his youngest son, Michael steps in to take care of the would-be killers, launching a campaign of bloody revenge.",
    "poster_url": "https://image.tmdb.org/t/p/w500/3bhkrj58Vtu7enYsRolD1fZdja1.jpg",
    "backdrop_url": "https://image.tmdb.org/t/p/original/ejdD20cdHNFAYAN2DlqPToXKyzx.jpg",
    "release_year": "1972",
    "rating": 8.687,
    "youtube_key": "",
    "categories": [
      2
    ]
  }
},
{
  "model": "movies.movie",
  "pk": 24,
  "fields": {
    "tmdb_id": 1330021,
    "title": "Remarkably Bright Creatures",
    "overview": "Through unlikely bonds formed during night shifts at a local aquarium, Tova, an elderly widow, learns of a life-changing discovery that may bring her joy and wonder once again.",
    "poster_url": "https://image.tmdb.org/t/p/w500/9HcEqn3D4J6b2Z0jK54id9nA0fr.jpg",
    "backdrop_url": "https://image.tmdb.org/t/p/original/bVGHSe47W6oCQL1Q88pvRAet51A.jpg",
    "release_year": "2026",
    "rating": 8.572,
    "youtube_key": "",
    "categories": [
      2
    ]
  }
},
{
  "model": "movies.movie",
  "pk": 25,
  "fields": {
    "tmdb_id": 240,
    "title": "The Godfather Part II",
    "overview": "In the continuing saga of the Corleone crime family, a young Vito Corleone grows up in Sicily and in 1910s New York. In the 1950s, Michael Corleone attempts to expand the family business into Las Vegas, Hollywood and Cuba.",
    "poster_url": "https://image.tmdb.org/t/p/w500/hek3koDUyRQk7FIhPXsa6mT2Zc3.jpg",
    "backdrop_url": "https://image.tmdb.org/t/p/original/kGzFbGhp99zva6oZODW5atUtnqi.jpg",
    "release_year": "1974",
    "rating": 8.571,
    "youtube_key": "",
    "categories": [
      2
    ]
  }
},
{
  "model": "movies.movie",
  "pk": 26,
  "fields": {
    "tmdb_id": 424,
    "title": "Schindler's List",
    "overview": "The true story of how businessman Oskar Schindler saved over a thousand Jewish lives from the Nazis while they worked as slaves in his factory during World War II.",
    "poster_url": "https://image.tmdb.org/t/p/w500/sF1U4EUQS8YHUYjNl3pMGNIQyr0.jpg",
    "backdrop_url": "https://image.tmdb.org/t/p/original/zb6fM1CX41D9rF9hdgclu0peUmy.jpg",
    "release_year": "1993",
    "rating": 8.57,
    "youtube_key": "",
    "categories": [
      2
    ]
  }
},
{
  "model": "movies.movie",
  "pk": 27,
  "fields": {
    "tmdb_id": 389,
    "title": "12 Angry Men",
    "overview": "The defense and the prosecution have rested and the jury is filing into the jury room to decide if a young Spanish-American is guilty or innocent of murdering his father. What begins as an open and shut case soon becomes a mini-drama of each of the jurors' prejudices and preconceptions about the trial, the accused, and each other.",
    "poster_url": "https://image.tmdb.org/t/p/w500/zhG3vKWyDRaZYoaww1UVAi29T9h.jpg",
    "backdrop_url": "https://image.tmdb.org/t/p/original/qqHQsStV6exghCM7zbObuYBiYxw.jpg",
    "release_year": "1957",
    "rating": 8.563,
    "youtube_key": "",
    "categories": [
      2
    ]
  }
},
{
  "model": "movies.movie",
  "pk": 28,
  "fields": {
    "tmdb_id": 1383731,
    "title": "Protector",
    "overview": "Nikki's life is shattered when her daughter is kidnapped. Thrust into the criminal underworld while hunted by cops and military, she must fight to rescue her child.",
    "poster_url": "https://image.tmdb.org/t/p/w500/icOZpnGuH9YrEaW3wrw5GJaXGih.jpg",
    "backdrop_url": "https://image.tmdb.org/t/p/original/vpuPY4UziUCxv7gYYoaZQ3LX7to.jpg",
    "release_year": "2026",
    "rating": 8.551,
    "youtube_key": "",
    "categories": [
      2
    ]
  }
},
{
  "model": "movies.movie",
  "pk": 29,
  "fields": {
    "tmdb_id": 129,
    "title": "Spirited Away",
    "overview": "A young girl, Chihiro, becomes trapped in a strange new world of spirits. When her parents undergo a mysterious transformation, she must call upon the courage she never knew she had to free her family.",
    "poster_url": "https://image.tmdb.org/t/p/w500/39wmItIWsg5sZMyRUHLkWBcuVCM.jpg",
    "backdrop_url": "https://image.tmdb.org/t/p/original/dyJvKsNs2KP8qQnAXbRwDjblViy.jpg",
    "release_year": "2001",
    "rating": 8.534,
    "youtube_key": "",
    "categories": [
      2
    ]
  }
},
{
  "model": "movies.movie",
  "pk": 30,
  "fields": {
    "tmdb_id": 155,
    "title": "The Dark Knight",
    "overview": "Batman raises the stakes in his war on crime. With the help of Lt. Jim Gordon and District Attorney Harvey Dent, Batman sets out to dismantle the remaining criminal organizations that plague the streets. The partnership proves to be effective, but they soon find themselves prey to a reign of chaos unleashed by a rising criminal mastermind known to the terrified citizens of Gotham as the Joker.",
    "poster_url": "https://image.tmdb.org/t/p/w500/qJ2tW6WMUDux911r6m7haRef0WH.jpg",
    "backdrop_url": "https://image.tmdb.org/t/p/original/cfT29Im5VDvjE0RpyKOSdCKZal7.jpg",
    "release_year": "2008",
    "rating": 8.531,
    "youtube_key": "",
    "categories": [
      2
    ]
  }
},
{
  "model": "movies.movie",
  "pk": 31,
  "fields": {
    "tmdb_id": 19404,
    "title": "Dilwale Dulhania Le Jayenge",
    "overview": "Raj is a rich, carefree, happy-go-lucky second generation NRI. Simran is the daughter of Chaudhary Baldev Singh, who in spite of being an NRI is very strict about adherence to Indian values. Simran has left for India to be married to her childhood fiancé. Raj leaves for India with a mission at his hands, to claim his lady love under the noses of her whole family. Thus begins a saga.",
    "poster_url": "https://image.tmdb.org/t/p/w500/tFbfCkS7q6g96wVoAu8kyr93iPm.jpg",
    "backdrop_url": "https://image.tmdb.org/t/p/original/84beTJf26mfhoasUlKSOiNSutyS.jpg",
    "release_year": "1995",
    "rating": 8.51,
    "youtube_key": "",
    "categories": [
      2
    ]
  }
},
{
  "model": "movies.movie",
  "pk": 32,
  "fields": {
    "tmdb_id": 497,
    "title": "The Green Mile",
    "overview": "A supernatural tale set on death row in a Southern prison, where gentle giant John Coffey possesses the mysterious power to heal people's ailments. When the cell block's head guard, Paul Edgecomb, recognizes Coffey's miraculous gift, he tries desperately to help stave off the condemned man's execution.",
    "poster_url": "https://image.tmdb.org/t/p/w500/8VG8fDNiy50H4FedGwdSVUPoaJe.jpg",
    "backdrop_url": "https://image.tmdb.org/t/p/original/b6HWTOxn1xevvyHU2K9ICvaRU6g.jpg",
    "release_year": "1999",
    "rating": 8.506,
    "youtube_key": "",
    "categories": [
      2
    ]
  }
},
{
  "model": "movies.movie",
  "pk": 33,
  "fields": {
    "tmdb_id": 122,
    "title": "The Lord of the Rings: The Return of the King",
    "overview": "As armies mass for a final battle that will decide the fate of the world--and powerful, ancient forces of Light and Dark compete to determine the outcome--one member of the Fellowship of the Ring is revealed as the noble heir to the throne of the Kings of Men. Yet, the sole hope for triumph over evil lies with a brave hobbit, Frodo, who, accompanied by his loyal friend Sam and the hideous, wretched Gollum, ventures deep into the very dark heart of Mordor on his seemingly impossible quest to destroy the Ring of Power.​",
    "poster_url": "https://image.tmdb.org/t/p/w500/rCzpDGLbOoPwLjy3OAm5NUPOTrC.jpg",
    "backdrop_url": "https://image.tmdb.org/t/p/original/2u7zbn8EudG6kLlBzUYqP8RyFU4.jpg",
    "release_year": "2003",
    "rating": 8.5,
    "youtube_key": "",
    "categories": [
      2
    ]
  }
},
{
  "model": "movies.movie",
  "pk": 34,
  "fields": {
    "tmdb_id": 1181678,
    "title": "¿Quieres ser mi hijo?",
    "overview": "Lu, a conformist woman in her forties, learns that her 15-year partner has been having extramarital affairs. Starting from scratch, she gets involved in an unexpected relationship with a young womanizer.",
    "poster_url": "https://image.tmdb.org/t/p/w500/6PQJsmuvSMZQMmlJfTpjIkrizUh.jpg",
    "backdrop_url": "https://image.tmdb.org/t/p/original/xyWKrni8WrYzqn7ztvI5nIY0h62.jpg",
    "release_year": "2023",
    "rating": 8.5,
    "youtube_key": "",
    "categories": [
      2
    ]
  }
},
{
  "model": "movies.movie",
  "pk": 35,
  "fields": {
    "tmdb_id": 496243,
    "title": "Parasite",
    "overview": "All unemployed, Ki-taek's family takes peculiar interest in the wealthy and glamorous Parks for their livelihood until they get entangled in an unexpected incident.",
    "poster_url": "https://image.tmdb.org/t/p/w500/7IiTTgloJzvGI1TAYymCfbfl3vT.jpg",
    "backdrop_url": "https://image.tmdb.org/t/p/original/wCuUKiRaz0wEESsYqmQy005xvTE.jpg",
    "release_year": "2019",
    "rating": 8.492,
    "youtube_key": "",
    "categories": [
      2
    ]
  }
},
{
  "model": "movies.movie",
  "pk": 36,
  "fields": {
    "tmdb_id": 680,
    "title": "Pulp Fiction",
    "overview": "A burger-loving hit man, his philosophical partner, a drug-addled gangster's moll and a washed-up boxer converge in this sprawling, comedic crime caper. Their adventures unfurl in three stories that ingeniously trip back and forth in time.",
    "poster_url": "https://image.tmdb.org/t/p/w500/vQWk5YBFWF4bZaofAbv0tShwBvQ.jpg",
    "backdrop_url": "https://image.tmdb.org/t/p/original/suaEOtk1N1sgg2MTM7oZd2cfVp3.jpg",
    "release_year": "1994",
    "rating": 8.482,
    "youtube_key": "",
    "categories": [
      2
    ]
  }
},
{
  "model": "movies.movie",
  "pk": 37,
  "fields": {
    "tmdb_id": 372058,
    "title": "Your Name.",
    "overview": "High schoolers Mitsuha and Taki are complete strangers living separate lives. But one night, they suddenly switch places. Mitsuha wakes up in Taki’s body, and he in hers. This bizarre occurrence continues to happen randomly, and the two must adjust their lives around each other.",
    "poster_url": "https://image.tmdb.org/t/p/w500/q719jXXEzOoYaps6babgKnONONX.jpg",
    "backdrop_url": "https://image.tmdb.org/t/p/original/mMtUybQ6hL24FXo0F3Z4j2KG7kZ.jpg",
    "release_year": "2016",
    "rating": 8.482,
    "youtube_key": "",
    "categories": [
      2
    ]
  }
},
{
  "model": "movies.movie",
  "pk": 38,
  "fields": {
    "tmdb_id": 157336,
    "title": "Interstellar",
    "overview": "The adventures of a group of explorers who make use of a newly discovered wormhole to surpass the limitations on human space travel and conquer the vast distances involved in an interstellar voyage.",
    "poster_url": "https://image.tmdb.org/t/p/w500/yQvGrMoipbRoddT0ZR8tPoR7NfX.jpg",
    "backdrop_url": "https://image.tmdb.org/t/p/original/2ssWTSVklAEc98frZUQhgtGHx7s.jpg",
    "release_year": "2014",
    "rating": 8.479,
    "youtube_key": "",
    "categories": [
      2
    ]
  }
},
{
  "model": "movies.movie",
  "pk": 39,
  "fields": {
    "tmdb_id": 1169516,
    "title": "Welcome to the Jungle",
    "overview": "A group of quirky characters gets stuck in a dangerous jungle during a chaotic mission. Filled with confusion, criminals, and hilarious situations, they must work together to survive and find their way out.",
    "poster_url": "https://image.tmdb.org/t/p/w500/1JlfUuvvX5xLP2LIDah4JhWUtTx.jpg",
    "backdrop_url": "https://image.tmdb.org/t/p/original/2flMSJfRSZ8OWdPjZEz2kJatBLm.jpg",
    "release_year": "2026",
    "rating": 5.313,
    "youtube_key": "",
    "categories": [
      3,
      4
    ]
  }
},
{
  "model": "movies.movie",
  "pk": 40,
  "fields": {
    "tmdb_id": 931285,
    "title": "Mortal Kombat II",
    "overview": "The fan favorite champions—now joined by Johnny Cage himself—are pitted against one another in the ultimate, no-holds barred, gory battle to defeat the dark rule of Shao Kahn that threatens the very existence of the Earthrealm and its defenders.",
    "poster_url": "https://image.tmdb.org/t/p/w500/hwRdDFIhaEmpRgoki805YvyyjZf.jpg",
    "backdrop_url": "https://image.tmdb.org/t/p/original/laR2dpcNpbv83jdlRUNAYPPjH90.jpg",
    "release_year": "2026",
    "rating": 7.986,
    "youtube_key": "",
    "categories": [
      3
    ]
  }
},
{
  "model": "movies.movie",
  "pk": 41,
  "fields": {
    "tmdb_id": 1228710,
    "title": "The Mandalorian and Grogu",
    "overview": "The evil Empire has fallen, and Imperial warlords remain scattered throughout the galaxy. As the fledgling New Republic works to protect everything the Rebellion fought for, they have enlisted the help of legendary Mandalorian bounty hunter Din Djarin and his young apprentice Grogu.",
    "poster_url": "https://image.tmdb.org/t/p/w500/5Vi8dSauVwH1HOsiZceDMbRr1Ca.jpg",
    "backdrop_url": "https://image.tmdb.org/t/p/original/4lj7MZtcIDI2FmZXGkFWh0sNCsq.jpg",
    "release_year": "2026",
    "rating": 6.679,
    "youtube_key": "",
    "categories": [
      3
    ]
  }
},
{
  "model": "movies.movie",
  "pk": 42,
  "fields": {
    "tmdb_id": 980431,
    "title": "Avatar Aang: The Last Airbender",
    "overview": "Avatar Aang, the world's last Airbender, learns of an ancient power that could save his culture from extinction. With the help of his friends, he embarks on a global quest to find it before it falls into the wrong hands and threatens to upend the peace they sacrificed everything to achieve.",
    "poster_url": "https://image.tmdb.org/t/p/w500/29Jdsak3SrwGds5k1t43kH6Khed.jpg",
    "backdrop_url": "https://image.tmdb.org/t/p/original/sS3zGYFPcfM5pArVNWl6qLyaSmU.jpg",
    "release_year": "2026",
    "rating": 0.0,
    "youtube_key": "",
    "categories": [
      3
    ]
  }
},
{
  "model": "movies.movie",
  "pk": 43,
  "fields": {
    "tmdb_id": 1515729,
    "title": "Blast",
    "overview": "A seemingly ordinary family must unleash their hidden martial arts skills when they clash with a ruthless criminal gang tied to corruption and violence.",
    "poster_url": "https://image.tmdb.org/t/p/w500/ho824aZtnBzE6FuJRn2znQCq4qQ.jpg",
    "backdrop_url": "https://image.tmdb.org/t/p/original/xsoKAonKy1zk5XoQoUG1dUXDCKH.jpg",
    "release_year": "2026",
    "rating": 6.9,
    "youtube_key": "",
    "categories": [
      3
    ]
  }
},
{
  "model": "movies.movie",
  "pk": 44,
  "fields": {
    "tmdb_id": 1280738,
    "title": "The Furious",
    "overview": "After Wang Wei's daughter is kidnapped by a criminal network and he receives no help from the corrupt police, Wei sets out to find her himself. His only ally is Navin, a relentless journalist whose wife has mysteriously disappeared. Fueled by a furious vengeance, the unlikely duo ruthlessly battle the kidnappers in this explosive martial arts showdown.",
    "poster_url": "https://image.tmdb.org/t/p/w500/zP19YO60jwEsfKd5Qf1UvA5uJu8.jpg",
    "backdrop_url": "https://image.tmdb.org/t/p/original/dxyNrJ4uG9os6miCG7s754nvKPs.jpg",
    "release_year": "2026",
    "rating": 7.7,
    "youtube_key": "",
    "categories": [
      3
    ]
  }
},
{
  "model": "movies.movie",
  "pk": 45,
  "fields": {
    "tmdb_id": 1439930,
    "title": "The Punisher: One Last Kill",
    "overview": "As Frank Castle searches for meaning beyond revenge, an unexpected force pulls him back into the fight.",
    "poster_url": "https://image.tmdb.org/t/p/w500/qQclTgLMDvGBuUBFGHRipxkEwWR.jpg",
    "backdrop_url": "https://image.tmdb.org/t/p/original/qO55CD8tgVL1T4WKn6zYFFiD6lL.jpg",
    "release_year": "2026",
    "rating": 8.3,
    "youtube_key": "",
    "categories": [
      3
    ]
  }
},
{
  "model": "movies.movie",
  "pk": 46,
  "fields": {
    "tmdb_id": 949536,
    "title": "Kill Code",
    "overview": "North America has been divided into four main quadrants. A power-hungry corporation has taken over the conventional prison system and made criminals the new law enforcers.  The owner of that corporation, nanoscientist Eion Prescott, created a nano-virus called Onyx. Which is distributed through deadly watches to criminals. First, infecting them. Then, forcing them into eliminating each other for freedom. Who can topple the corporation's entire system from within?",
    "poster_url": "https://image.tmdb.org/t/p/w500/bXvSKLCillha6wxY0yxoRCM2WQl.jpg",
    "backdrop_url": "https://image.tmdb.org/t/p/original/zyqAhNJqwiop5yUOJ8SHV27labY.jpg",
    "release_year": "2026",
    "rating": 5.5,
    "youtube_key": "",
    "categories": [
      3
    ]
  }
},
{
  "model": "movies.movie",
  "pk": 47,
  "fields": {
    "tmdb_id": 1288341,
    "title": "Seven Snipers",
    "overview": "When a former elite sniper is hunted down by the ruthless warlord who once held her captive, she must fight to the death to protect the daughter she has raised in hiding, on a remote Australian farm.",
    "poster_url": "https://image.tmdb.org/t/p/w500/pK6tGCG6UAgUT5FTq3ylGErHxQQ.jpg",
    "backdrop_url": "https://image.tmdb.org/t/p/original/g2aOpyCO1vEyUZURh3V5uaHu187.jpg",
    "release_year": "2026",
    "rating": 5.788,
    "youtube_key": "",
    "categories": [
      3
    ]
  }
},
{
  "model": "movies.movie",
  "pk": 48,
  "fields": {
    "tmdb_id": 1311031,
    "title": "Demon Slayer: Kimetsu no Yaiba Infinity Castle",
    "overview": "The Demon Slayer Corps are drawn into the Infinity Castle, where Tanjiro, Nezuko, and the Hashira face terrifying Upper Rank demons in a desperate fight as the final battle against Muzan Kibutsuji begins.",
    "poster_url": "https://image.tmdb.org/t/p/w500/fWVSwgjpT2D78VUh6X8UBd2rorW.jpg",
    "backdrop_url": "https://image.tmdb.org/t/p/original/1RgPyOhN4DRs225BGTlHJqCudII.jpg",
    "release_year": "2025",
    "rating": 7.726,
    "youtube_key": "",
    "categories": [
      3
    ]
  }
},
{
  "model": "movies.movie",
  "pk": 49,
  "fields": {
    "tmdb_id": 28322,
    "title": "Madness",
    "overview": "An escaped convicted murderer invades the cottage of a man, his wife and the wife's sister, whereupon he proceeds to torment this already dysfunctional trio with rape and violence.",
    "poster_url": "https://image.tmdb.org/t/p/w500/gV0J0Fqw2mYMtQbzb0ruxv9MAeZ.jpg",
    "backdrop_url": "https://image.tmdb.org/t/p/original/7TJjD2X9GTEqyLVIJKLS85J2V47.jpg",
    "release_year": "1980",
    "rating": 5.265,
    "youtube_key": "",
    "categories": [
      3
    ]
  }
},
{
  "model": "movies.movie",
  "pk": 50,
  "fields": {
    "tmdb_id": 1122573,
    "title": "In the Grey",
    "overview": "A covert team of elite operatives are living in the shadows. When a ruthless despot steals a billion-dollar fortune, they're sent to take it back—an impossible heist that erupts into a deadly game of strategy, deception and survival.",
    "poster_url": "https://image.tmdb.org/t/p/w500/dQgIcW6Th08kMRf2HBoYWoFE6OD.jpg",
    "backdrop_url": "https://image.tmdb.org/t/p/original/qcIKxhqGMIj8uujsSoSMZWr8QqU.jpg",
    "release_year": "2026",
    "rating": 6.659,
    "youtube_key": "",
    "categories": [
      3
    ]
  }
},
{
  "model": "movies.movie",
  "pk": 51,
  "fields": {
    "tmdb_id": 1057265,
    "title": "Peddi",
    "overview": "In 1980s rural Andhra Pradesh, a spirited villager unites his community through sports to defend their pride against a powerful rivals.",
    "poster_url": "https://image.tmdb.org/t/p/w500/kJAJNNBYlbqAcpTDxBNnaILSMTy.jpg",
    "backdrop_url": "https://image.tmdb.org/t/p/original/oPsRr7AfNLw6XaPuMpvkWK0bIUA.jpg",
    "release_year": "2026",
    "rating": 6.1,
    "youtube_key": "",
    "categories": [
      3
    ]
  }
},
{
  "model": "movies.movie",
  "pk": 52,
  "fields": {
    "tmdb_id": 1419406,
    "title": "The Shadow's Edge",
    "overview": "Macau Police brings the tracking expert police officer out of retirement to help catch a dangerous group of professional thieves.",
    "poster_url": "https://image.tmdb.org/t/p/w500/cHKo3m8N1fwvEy2ZEr0xGmmMODV.jpg",
    "backdrop_url": "https://image.tmdb.org/t/p/original/4BtL2vvEufDXDP4u6xQjjQ1Y2aT.jpg",
    "release_year": "2025",
    "rating": 7.846,
    "youtube_key": "",
    "categories": [
      3
    ]
  }
},
{
  "model": "movies.movie",
  "pk": 53,
  "fields": {
    "tmdb_id": 1367220,
    "title": "Karuppu",
    "overview": "In a world where justice falters, guardian deity Vettai Karuppu takes the guise of a lawyer to battle a corrupt legal system preying on the powerless.",
    "poster_url": "https://image.tmdb.org/t/p/w500/4KZXlZ5tTT6ghbW77gS4hSLkCd7.jpg",
    "backdrop_url": "https://image.tmdb.org/t/p/original/1eAuwNBy34kkM3xkl202z4f1NiI.jpg",
    "release_year": "2026",
    "rating": 6.6,
    "youtube_key": "",
    "categories": [
      3
    ]
  }
},
{
  "model": "movies.movie",
  "pk": 54,
  "fields": {
    "tmdb_id": 1380291,
    "title": "Tom Clancy's Jack Ryan: Ghost War",
    "overview": "Jack Ryan is reluctantly pulled back into espionage when an international covert mission unravels a deadly conspiracy. Racing against time, he joins CIA allies Mike November & James Greer and sharp MI6 officer Emma Marlowe to battle a rogue black-ops unit in a high-stakes, deeply personal fight.",
    "poster_url": "https://image.tmdb.org/t/p/w500/8ehYxUh5MWE41AeE9gkHE8DKzvB.jpg",
    "backdrop_url": "https://image.tmdb.org/t/p/original/dd31qJxOarrHyGZwYsCzOjobQzP.jpg",
    "release_year": "2026",
    "rating": 7.026,
    "youtube_key": "",
    "categories": [
      3
    ]
  }
},
{
  "model": "movies.movie",
  "pk": 55,
  "fields": {
    "tmdb_id": 1392469,
    "title": "Cocktail 2",
    "overview": "After a decade together, Diya and Kunal's relationship is shaken when Ally, an old friend, re-enters their lives. What begins as a plan between two women spirals into chaos, triggering hilarious, emotional rollercoaster none of them saw coming.",
    "poster_url": "https://image.tmdb.org/t/p/w500/oIQmtByV1LtEQSwM4EpdLTyoSlM.jpg",
    "backdrop_url": "https://image.tmdb.org/t/p/original/6tROOVmV5vRymO2g52aR8kWlfoT.jpg",
    "release_year": "2026",
    "rating": 5.8,
    "youtube_key": "",
    "categories": [
      4
    ]
  }
},
{
  "model": "movies.movie",
  "pk": 56,
  "fields": {
    "tmdb_id": 1226863,
    "title": "The Super Mario Galaxy Movie",
    "overview": "Having thwarted Bowser's previous plot to marry Princess Peach, Mario and Luigi now face a fresh threat in Bowser Jr., who is determined to liberate his father from captivity and restore the family legacy. Alongside companions new and old, the brothers travel across the stars to stop the young heir's crusade.",
    "poster_url": "https://image.tmdb.org/t/p/w500/eJGWx219ZcEMVQJhAgMiqo8tYY.jpg",
    "backdrop_url": "https://image.tmdb.org/t/p/original/kxQiIJ4gVcD3K6o14MJ72p5yRcE.jpg",
    "release_year": "2026",
    "rating": 8.239,
    "youtube_key": "",
    "categories": [
      4
    ]
  }
},
{
  "model": "movies.movie",
  "pk": 57,
  "fields": {
    "tmdb_id": 614945,
    "title": "Voicemails for Isabelle",
    "overview": "A young woman's hilariously confessional voicemails to her late sister are unknowingly redirected to a stranger, who begins to fall in love from afar.",
    "poster_url": "https://image.tmdb.org/t/p/w500/canZTWSxACSnAluir3dCtMxKpA1.jpg",
    "backdrop_url": "https://image.tmdb.org/t/p/original/2WU6Y6aonzD6uAaCmNnEFlesxxJ.jpg",
    "release_year": "2026",
    "rating": 8.346,
    "youtube_key": "",
    "categories": [
      4
    ]
  }
},
{
  "model": "movies.movie",
  "pk": 58,
  "fields": {
    "tmdb_id": 301528,
    "title": "Toy Story 4",
    "overview": "Woody has always been confident about his place in the world, devoted to taking care of his kid—whether that's Andy or Bonnie. But after Bonnie creates a reluctant new toy called \"Forky\", a road trip adventure alongside old and new friends challenges everything Woody believes about loyalty, purpose, and what it truly means to be a toy.",
    "poster_url": "https://image.tmdb.org/t/p/w500/w9kR8qbmQ01HwnvK4alvnQ2ca0L.jpg",
    "backdrop_url": "https://image.tmdb.org/t/p/original/q62bpQ67qaXY0u6b2wFEnQYIbPd.jpg",
    "release_year": "2019",
    "rating": 7.461,
    "youtube_key": "",
    "categories": [
      4
    ]
  }
},
{
  "model": "movies.movie",
  "pk": 59,
  "fields": {
    "tmdb_id": 1239134,
    "title": "Bhooth Bangla",
    "overview": "A man inherits a palace in rural Mangalpur and plans his sister's wedding there, but strange supernatural events and panicked locals force him to investigate the property's mysterious past.",
    "poster_url": "https://image.tmdb.org/t/p/w500/ArIS4vwUxdhm3j7tsTHmffdfU8W.jpg",
    "backdrop_url": "https://image.tmdb.org/t/p/original/A2tzVTVtnTvpji96IZmleN78KKv.jpg",
    "release_year": "2026",
    "rating": 5.512,
    "youtube_key": "",
    "categories": [
      4
    ]
  }
},
{
  "model": "movies.movie",
  "pk": 60,
  "fields": {
    "tmdb_id": 862,
    "title": "Toy Story",
    "overview": "Led by Woody, Andy's toys live happily in his room until Andy's birthday brings Buzz Lightyear onto the scene. Afraid of losing his place in Andy's heart, Woody plots against Buzz. But when circumstances separate Buzz and Woody from their owner, the duo eventually learns to put aside their differences.",
    "poster_url": "https://image.tmdb.org/t/p/w500/uXDfjJbdP4ijW5hWSBrPrlKpxab.jpg",
    "backdrop_url": "https://image.tmdb.org/t/p/original/3Rfvhy1Nl6sSGJwyjb0QiZzZYlB.jpg",
    "release_year": "1995",
    "rating": 7.98,
    "youtube_key": "",
    "categories": [
      4
    ]
  }
},
{
  "model": "movies.movie",
  "pk": 61,
  "fields": {
    "tmdb_id": 1327819,
    "title": "Hoppers",
    "overview": "Scientists have discovered how to 'hop' human consciousness into lifelike robotic animals, allowing people to communicate with animals as animals. Animal lover Mabel seizes an opportunity to use the technology, uncovering mysteries within the animal world beyond anything she could have imagined.",
    "poster_url": "https://image.tmdb.org/t/p/w500/xjtWQ2CL1mpmMNwuU5HeS4Iuwuu.jpg",
    "backdrop_url": "https://image.tmdb.org/t/p/original/u53UYu5XG2hNgWGvs3xGhAVzypl.jpg",
    "release_year": "2026",
    "rating": 8.19,
    "youtube_key": "",
    "categories": [
      4
    ]
  }
},
{
  "model": "movies.movie",
  "pk": 62,
  "fields": {
    "tmdb_id": 140638,
    "title": "Pussycat, Pussycat, I Love You",
    "overview": "An American playwright living in Rome consults a quack psychiatrist to combat his fears of balding and save his failing marriage.",
    "poster_url": "https://image.tmdb.org/t/p/w500/5NG3iF6mli8QMJYNsbzWxzW04t4.jpg",
    "backdrop_url": "https://image.tmdb.org/t/p/original/r5dG1V4P4y84x6ETQkQ5BnZ0iXh.jpg",
    "release_year": "1970",
    "rating": 4.5,
    "youtube_key": "",
    "categories": [
      4
    ]
  }
},
{
  "model": "movies.movie",
  "pk": 63,
  "fields": {
    "tmdb_id": 424711,
    "title": "Poppea's Hot Nights",
    "overview": "Poppea's Hot Nights (Italian: Le calde notti di Poppea) is a 1969 Italian comedy film set in Ancient Rome. It was written and directed by Guido Malatesta and stars Olga Schoberová (credited as Olinka Berova) and Brad Harris in the main roles.",
    "poster_url": "https://image.tmdb.org/t/p/w500/g1kB4f7aZBJnU2XZILZ8TsyDVVM.jpg",
    "backdrop_url": "https://image.tmdb.org/t/p/original/kI7JBjvZkqYsLJRhcqTQU1MMdQA.jpg",
    "release_year": "1969",
    "rating": 4.7,
    "youtube_key": "",
    "categories": [
      4
    ]
  }
},
{
  "model": "movies.movie",
  "pk": 64,
  "fields": {
    "tmdb_id": 1084242,
    "title": "Zootopia 2",
    "overview": "After cracking the biggest case in Zootopia's history, rookie cops Judy Hopps and Nick Wilde find themselves on the twisting trail of a great mystery when Gary De'Snake arrives and turns the animal metropolis upside down. To crack the case, Judy and Nick must go undercover to unexpected new parts of town, where their growing partnership is tested like never before.",
    "poster_url": "https://image.tmdb.org/t/p/w500/oJ7g2CifqpStmoYQyaLQgEU32qO.jpg",
    "backdrop_url": "https://image.tmdb.org/t/p/original/lgotja3xMoJZbynwHfcQcJAEMWH.jpg",
    "release_year": "2025",
    "rating": 7.669,
    "youtube_key": "",
    "categories": [
      4
    ]
  }
},
{
  "model": "movies.movie",
  "pk": 65,
  "fields": {
    "tmdb_id": 1217584,
    "title": "Torrente for President",
    "overview": "Years have passed since his last adventure, but José Luis Torrente, the most politically incorrect former cop in Spain, still sees himself as a national hero.",
    "poster_url": "https://image.tmdb.org/t/p/w500/yrDKwAdZRJjoQ9RZwzRGPpMC7U1.jpg",
    "backdrop_url": "https://image.tmdb.org/t/p/original/1I6QPJ2s6lch1WYO54Cv2j2Y8Z4.jpg",
    "release_year": "2026",
    "rating": 6.095,
    "youtube_key": "",
    "categories": [
      4
    ]
  }
},
{
  "model": "movies.movie",
  "pk": 66,
  "fields": {
    "tmdb_id": 350,
    "title": "The Devil Wears Prada",
    "overview": "A young woman from the Midwest gets more than she bargained for when she moves to New York to become a writer and ends up as the assistant to the tyrannical, larger-than-life editor-in-chief of a major fashion magazine.",
    "poster_url": "https://image.tmdb.org/t/p/w500/8912AsVuS7Sj915apArUFbv6F9L.jpg",
    "backdrop_url": "https://image.tmdb.org/t/p/original/gkh6Nt8DtY1XT4gQsyFq9XAVJlJ.jpg",
    "release_year": "2006",
    "rating": 7.4,
    "youtube_key": "",
    "categories": [
      4
    ]
  }
},
{
  "model": "movies.movie",
  "pk": 67,
  "fields": {
    "tmdb_id": 1297842,
    "title": "GOAT",
    "overview": "A small goat with big dreams gets a once-in-a-lifetime shot to join the pros and play roarball, a high-intensity, co-ed, full-contact sport dominated by the fastest, fiercest animals in the world.",
    "poster_url": "https://image.tmdb.org/t/p/w500/wfuqMlaExcoYiUEvKfVpUTt1v4u.jpg",
    "backdrop_url": "https://image.tmdb.org/t/p/original/tq3h43fZy0H80vzf47MAY7R9Mxo.jpg",
    "release_year": "2026",
    "rating": 8.114,
    "youtube_key": "",
    "categories": [
      4
    ]
  }
},
{
  "model": "movies.movie_categories",
  "pk": 1,
  "fields": {
    "movie": 1,
    "category": 1
  }
},
{
  "model": "movies.movie_categories",
  "pk": 2,
  "fields": {
    "movie": 2,
    "category": 1
  }
},
{
  "model": "movies.movie_categories",
  "pk": 3,
  "fields": {
    "movie": 3,
    "category": 1
  }
},
{
  "model": "movies.movie_categories",
  "pk": 4,
  "fields": {
    "movie": 4,
    "category": 1
  }
},
{
  "model": "movies.movie_categories",
  "pk": 5,
  "fields": {
    "movie": 5,
    "category": 1
  }
},
{
  "model": "movies.movie_categories",
  "pk": 6,
  "fields": {
    "movie": 6,
    "category": 1
  }
},
{
  "model": "movies.movie_categories",
  "pk": 7,
  "fields": {
    "movie": 7,
    "category": 1
  }
},
{
  "model": "movies.movie_categories",
  "pk": 8,
  "fields": {
    "movie": 8,
    "category": 1
  }
},
{
  "model": "movies.movie_categories",
  "pk": 9,
  "fields": {
    "movie": 9,
    "category": 1
  }
},
{
  "model": "movies.movie_categories",
  "pk": 10,
  "fields": {
    "movie": 10,
    "category": 1
  }
},
{
  "model": "movies.movie_categories",
  "pk": 11,
  "fields": {
    "movie": 11,
    "category": 1
  }
},
{
  "model": "movies.movie_categories",
  "pk": 12,
  "fields": {
    "movie": 12,
    "category": 1
  }
},
{
  "model": "movies.movie_categories",
  "pk": 13,
  "fields": {
    "movie": 13,
    "category": 1
  }
},
{
  "model": "movies.movie_categories",
  "pk": 14,
  "fields": {
    "movie": 14,
    "category": 1
  }
},
{
  "model": "movies.movie_categories",
  "pk": 15,
  "fields": {
    "movie": 15,
    "category": 1
  }
},
{
  "model": "movies.movie_categories",
  "pk": 16,
  "fields": {
    "movie": 16,
    "category": 1
  }
},
{
  "model": "movies.movie_categories",
  "pk": 17,
  "fields": {
    "movie": 17,
    "category": 1
  }
},
{
  "model": "movies.movie_categories",
  "pk": 18,
  "fields": {
    "movie": 18,
    "category": 1
  }
},
{
  "model": "movies.movie_categories",
  "pk": 19,
  "fields": {
    "movie": 19,
    "category": 1
  }
},
{
  "model": "movies.movie_categories",
  "pk": 20,
  "fields": {
    "movie": 20,
    "category": 1
  }
},
{
  "model": "movies.movie_categories",
  "pk": 21,
  "fields": {
    "movie": 21,
    "category": 2
  }
},
{
  "model": "movies.movie_categories",
  "pk": 22,
  "fields": {
    "movie": 22,
    "category": 2
  }
},
{
  "model": "movies.movie_categories",
  "pk": 23,
  "fields": {
    "movie": 16,
    "category": 2
  }
},
{
  "model": "movies.movie_categories",
  "pk": 24,
  "fields": {
    "movie": 19,
    "category": 2
  }
},
{
  "model": "movies.movie_categories",
  "pk": 25,
  "fields": {
    "movie": 23,
    "category": 2
  }
},
{
  "model": "movies.movie_categories",
  "pk": 26,
  "fields": {
    "movie": 24,
    "category": 2
  }
},
{
  "model": "movies.movie_categories",
  "pk": 27,
  "fields": {
    "movie": 25,
    "category": 2
  }
},
{
  "model": "movies.movie_categories",
  "pk": 28,
  "fields": {
    "movie": 26,
    "category": 2
  }
},
{
  "model": "movies.movie_categories",
  "pk": 29,
  "fields": {
    "movie": 27,
    "category": 2
  }
},
{
  "model": "movies.movie_categories",
  "pk": 30,
  "fields": {
    "movie": 28,
    "category": 2
  }
},
{
  "model": "movies.movie_categories",
  "pk": 31,
  "fields": {
    "movie": 29,
    "category": 2
  }
},
{
  "model": "movies.movie_categories",
  "pk": 32,
  "fields": {
    "movie": 30,
    "category": 2
  }
},
{
  "model": "movies.movie_categories",
  "pk": 33,
  "fields": {
    "movie": 31,
    "category": 2
  }
},
{
  "model": "movies.movie_categories",
  "pk": 34,
  "fields": {
    "movie": 32,
    "category": 2
  }
},
{
  "model": "movies.movie_categories",
  "pk": 35,
  "fields": {
    "movie": 33,
    "category": 2
  }
},
{
  "model": "movies.movie_categories",
  "pk": 36,
  "fields": {
    "movie": 34,
    "category": 2
  }
},
{
  "model": "movies.movie_categories",
  "pk": 37,
  "fields": {
    "movie": 35,
    "category": 2
  }
},
{
  "model": "movies.movie_categories",
  "pk": 38,
  "fields": {
    "movie": 36,
    "category": 2
  }
},
{
  "model": "movies.movie_categories",
  "pk": 39,
  "fields": {
    "movie": 37,
    "category": 2
  }
},
{
  "model": "movies.movie_categories",
  "pk": 40,
  "fields": {
    "movie": 38,
    "category": 2
  }
},
{
  "model": "movies.movie_categories",
  "pk": 41,
  "fields": {
    "movie": 39,
    "category": 3
  }
},
{
  "model": "movies.movie_categories",
  "pk": 42,
  "fields": {
    "movie": 3,
    "category": 3
  }
},
{
  "model": "movies.movie_categories",
  "pk": 43,
  "fields": {
    "movie": 40,
    "category": 3
  }
},
{
  "model": "movies.movie_categories",
  "pk": 44,
  "fields": {
    "movie": 8,
    "category": 3
  }
},
{
  "model": "movies.movie_categories",
  "pk": 45,
  "fields": {
    "movie": 41,
    "category": 3
  }
},
{
  "model": "movies.movie_categories",
  "pk": 46,
  "fields": {
    "movie": 42,
    "category": 3
  }
},
{
  "model": "movies.movie_categories",
  "pk": 47,
  "fields": {
    "movie": 43,
    "category": 3
  }
},
{
  "model": "movies.movie_categories",
  "pk": 48,
  "fields": {
    "movie": 44,
    "category": 3
  }
},
{
  "model": "movies.movie_categories",
  "pk": 49,
  "fields": {
    "movie": 45,
    "category": 3
  }
},
{
  "model": "movies.movie_categories",
  "pk": 50,
  "fields": {
    "movie": 46,
    "category": 3
  }
},
{
  "model": "movies.movie_categories",
  "pk": 51,
  "fields": {
    "movie": 47,
    "category": 3
  }
},
{
  "model": "movies.movie_categories",
  "pk": 52,
  "fields": {
    "movie": 48,
    "category": 3
  }
},
{
  "model": "movies.movie_categories",
  "pk": 53,
  "fields": {
    "movie": 17,
    "category": 3
  }
},
{
  "model": "movies.movie_categories",
  "pk": 54,
  "fields": {
    "movie": 49,
    "category": 3
  }
},
{
  "model": "movies.movie_categories",
  "pk": 55,
  "fields": {
    "movie": 50,
    "category": 3
  }
},
{
  "model": "movies.movie_categories",
  "pk": 56,
  "fields": {
    "movie": 51,
    "category": 3
  }
},
{
  "model": "movies.movie_categories",
  "pk": 57,
  "fields": {
    "movie": 52,
    "category": 3
  }
},
{
  "model": "movies.movie_categories",
  "pk": 58,
  "fields": {
    "movie": 10,
    "category": 3
  }
},
{
  "model": "movies.movie_categories",
  "pk": 59,
  "fields": {
    "movie": 53,
    "category": 3
  }
},
{
  "model": "movies.movie_categories",
  "pk": 60,
  "fields": {
    "movie": 54,
    "category": 3
  }
},
{
  "model": "movies.movie_categories",
  "pk": 61,
  "fields": {
    "movie": 39,
    "category": 4
  }
},
{
  "model": "movies.movie_categories",
  "pk": 62,
  "fields": {
    "movie": 9,
    "category": 4
  }
},
{
  "model": "movies.movie_categories",
  "pk": 63,
  "fields": {
    "movie": 15,
    "category": 4
  }
},
{
  "model": "movies.movie_categories",
  "pk": 64,
  "fields": {
    "movie": 5,
    "category": 4
  }
},
{
  "model": "movies.movie_categories",
  "pk": 65,
  "fields": {
    "movie": 55,
    "category": 4
  }
},
{
  "model": "movies.movie_categories",
  "pk": 66,
  "fields": {
    "movie": 6,
    "category": 4
  }
},
{
  "model": "movies.movie_categories",
  "pk": 67,
  "fields": {
    "movie": 56,
    "category": 4
  }
},
{
  "model": "movies.movie_categories",
  "pk": 68,
  "fields": {
    "movie": 57,
    "category": 4
  }
},
{
  "model": "movies.movie_categories",
  "pk": 69,
  "fields": {
    "movie": 13,
    "category": 4
  }
},
{
  "model": "movies.movie_categories",
  "pk": 70,
  "fields": {
    "movie": 58,
    "category": 4
  }
},
{
  "model": "movies.movie_categories",
  "pk": 71,
  "fields": {
    "movie": 59,
    "category": 4
  }
},
{
  "model": "movies.movie_categories",
  "pk": 72,
  "fields": {
    "movie": 4,
    "category": 4
  }
},
{
  "model": "movies.movie_categories",
  "pk": 73,
  "fields": {
    "movie": 60,
    "category": 4
  }
},
{
  "model": "movies.movie_categories",
  "pk": 74,
  "fields": {
    "movie": 61,
    "category": 4
  }
},
{
  "model": "movies.movie_categories",
  "pk": 75,
  "fields": {
    "movie": 62,
    "category": 4
  }
},
{
  "model": "movies.movie_categories",
  "pk": 76,
  "fields": {
    "movie": 63,
    "category": 4
  }
},
{
  "model": "movies.movie_categories",
  "pk": 77,
  "fields": {
    "movie": 64,
    "category": 4
  }
},
{
  "model": "movies.movie_categories",
  "pk": 78,
  "fields": {
    "movie": 65,
    "category": 4
  }
},
{
  "model": "movies.movie_categories",
  "pk": 79,
  "fields": {
    "movie": 66,
    "category": 4
  }
},
{
  "model": "movies.movie_categories",
  "pk": 80,
  "fields": {
    "movie": 67,
    "category": 4
  }
}
]
